{
  "prepare_queue": {
    "installed": [],
    "uninstalled": []
  },
  "config_munge": {
    "files": {
      "app/src/main/AndroidManifest.xml": {
        "parents": {
          "/manifest/application": [
            {
              "xml": "<application android:usesCleartextTraffic=\"true\" />",
              "count": 1,
              "mode": "merge",
              "id": "config.xml",
              "oldAttrib": {
                "android:hardwareAccelerated": "true",
                "android:icon": "@mipmap/icon",
                "android:label": "@string/app_name",
                "android:supportsRtl": "true",
                "android:usesCleartextTraffic": "true"
              }
            }
          ]
        }
      },
      "res/xml/config.xml": {
        "parents": {
          "/*": [
            {
              "xml": "<feature name=\"ActionSheet\"><param name=\"android-package\" value=\"nl.xservices.plugins.actionsheet.ActionSheet\" /></feature>",
              "count": 1
            },
            {
              "xml": "<feature name=\"Notification\"><param name=\"android-package\" value=\"org.apache.cordova.dialogs.Notification\" /></feature>",
              "count": 1
            },
            {
              "xml": "<feature name=\"LaunchNavigator\"><param name=\"android-package\" value=\"uk.co.workingedge.phonegap.plugin.LaunchNavigatorPlugin\" /></feature>",
              "count": 1
            },
            {
              "xml": "<feature name=\"AdMob\"><param name=\"android-package\" value=\"com.rjfun.cordova.admob.AdMobPlugin\" /><param name=\"onload\" value=\"true\" /></feature>",
              "count": 1
            }
          ]
        }
      },
      "AndroidManifest.xml": {
        "parents": {
          "/manifest/application": [
            {
              "xml": "<meta-data android:name=\"launchnavigator.GOOGLE_API_KEY\" android:value=\"\" />",
              "count": 1
            },
            {
              "xml": "<activity android:configChanges=\"keyboard|keyboardHidden|orientation|screenLayout|uiMode|screenSize|smallestScreenSize\" android:name=\"com.google.android.gms.ads.AdActivity\" android:theme=\"@android:style/Theme.Translucent\" />",
              "count": 1
            },
            {
              "xml": "<meta-data android:name=\"com.google.android.gms.ads.APPLICATION_ID\" android:value=\"ca-app-pub-6871330764548204~5867465548\" />",
              "count": 1
            }
          ],
          "/*": [
            {
              "xml": "<uses-permission android:name=\"android.permission.ACCESS_NETWORK_STATE\" />",
              "count": 2
            },
            {
              "xml": "<uses-permission android:name=\"android.permission.INTERNET\" />",
              "count": 1
            }
          ]
        }
      }
    }
  },
  "installed_plugins": {
    "cordova-plugin-actionsheet": {
      "PACKAGE_NAME": "com.restaurant.appetics"
    },
    "cordova-plugin-dialogs": {
      "PACKAGE_NAME": "com.restaurant.appetics"
    },
    "uk.co.workingedge.phonegap.plugin.launchnavigator": {
      "GOOGLE_API_KEY_FOR_ANDROID": "",
      "OKHTTP_VERSION": "3.12.0",
      "PACKAGE_NAME": "com.restaurant.appetics"
    },
    "cordova-plugin-extension": {
      "PACKAGE_NAME": "com.restaurant.appetics"
    },
    "cordova-plugin-admobpro": {
      "ADMOB_APP_ID": "ca-app-pub-6871330764548204~5867465548",
      "PLAY_SERVICES_VERSION": "16.0.0",
      "PACKAGE_NAME": "com.restaurant.appetics"
    }
  },
  "dependent_plugins": {},
  "modules": [
    {
      "id": "cordova-plugin-actionsheet.ActionSheet",
      "file": "plugins/cordova-plugin-actionsheet/www/ActionSheet.js",
      "pluginId": "cordova-plugin-actionsheet",
      "clobbers": [
        "window.plugins.actionsheet"
      ]
    },
    {
      "id": "cordova-plugin-dialogs.notification",
      "file": "plugins/cordova-plugin-dialogs/www/notification.js",
      "pluginId": "cordova-plugin-dialogs",
      "merges": [
        "navigator.notification"
      ]
    },
    {
      "id": "cordova-plugin-dialogs.notification_android",
      "file": "plugins/cordova-plugin-dialogs/www/android/notification.js",
      "pluginId": "cordova-plugin-dialogs",
      "merges": [
        "navigator.notification"
      ]
    },
    {
      "id": "uk.co.workingedge.phonegap.plugin.launchnavigator.Common",
      "file": "plugins/uk.co.workingedge.phonegap.plugin.launchnavigator/www/common.js",
      "pluginId": "uk.co.workingedge.phonegap.plugin.launchnavigator",
      "clobbers": [
        "launchnavigator"
      ]
    },
    {
      "id": "uk.co.workingedge.phonegap.plugin.launchnavigator.LocalForage",
      "file": "plugins/uk.co.workingedge.phonegap.plugin.launchnavigator/www/localforage.v1.5.0.min.js",
      "pluginId": "uk.co.workingedge.phonegap.plugin.launchnavigator",
      "clobbers": [
        "localforage"
      ]
    },
    {
      "id": "uk.co.workingedge.phonegap.plugin.launchnavigator.LaunchNavigator",
      "file": "plugins/uk.co.workingedge.phonegap.plugin.launchnavigator/www/android/launchnavigator.js",
      "pluginId": "uk.co.workingedge.phonegap.plugin.launchnavigator",
      "merges": [
        "launchnavigator"
      ]
    },
    {
      "id": "cordova-plugin-admobpro.AdMob",
      "file": "plugins/cordova-plugin-admobpro/www/AdMob.js",
      "pluginId": "cordova-plugin-admobpro",
      "clobbers": [
        "window.AdMob"
      ]
    }
  ],
  "plugin_metadata": {
    "cordova-plugin-actionsheet": "2.3.3",
    "cordova-plugin-dialogs": "2.0.2",
    "uk.co.workingedge.phonegap.plugin.launchnavigator": "5.0.4",
    "cordova-plugin-extension": "1.5.4",
    "cordova-plugin-admobpro": "2.49.0"
  }
}